{
    "uvs": [[0.460487,9.2e-05,0.420343,0.14991,0.310667,0.040235,0.310667,0.14991,0.232932,9.2e-05,0.310484,0.134416,0.155379,0.134416,0.310484,0.755909,0.15538,0.755909,0.232932,0.890233,0.077644,9.2e-05,0.155196,0.134416,9.2e-05,0.134416,0.155196,0.865584,9.2e-05,0.865584,0.077644,0.999909]],
    "vertices": [0,2,0,-0,-2.15,0,-0,-1.85,-0.15,0,-1.15,-0.149999,-0,0.15,-0.15,0,1.15,-0,0,1,-0.15,0,2,-0.149999,1e-06,1.85,0,0,-0.85,-0,0,-1,-0.15,0,-0,-0.149999,1e-06,-0.15,0,0,0.85,-0.15,0,2,0,0,-2,-0,0,2,-0,-0,-2.15,0,-0.15,-1.15,0,-0.15,0.85,0,-0.15,2,0,0,1.85,0,0,1.15,0,-0.15,1,0,-0.15,0,0,0,-0.15,0,0,-0.85,0,-0.15,-1,0,-0.150001,-1.85,0,-0.150001,0.150001,0,0,2,0,0,-2,0],
    "faces": [40,21,7,20,0,1,2,0,1,1,40,7,0,20,1,3,2,1,2,1,40,31,2,28,4,5,6,3,4,5,41,10,27,28,2,7,8,6,5,6,6,5,4,40,9,27,10,9,8,7,7,6,6,40,25,11,24,10,11,12,8,9,5,41,11,6,23,24,11,13,14,12,9,6,6,5,40,23,6,22,14,13,15,6,6,7],
    "normals": [0.577319,0.577349,0.577349,0.691794,-0.206854,0.691794,0,-1,0,0.577349,0.577349,0.577319,0.686117,0.241829,0.686087,0.686117,0.241829,0.686117,0.686117,-0.241829,0.686117,0.577349,-0.577349,0.577349,0.577349,0.577349,0.577349,0.686087,0.241829,0.686117],
    "metadata": {
        "uvs": 1,
        "type": "Geometry",
        "version": 3,
        "vertices": 32,
        "normals": 10,
        "faces": 8,
        "generator": "io_three"
    },
    "name": "Cube.050Geometry"
}