{
    "normals": [0.577349,0.577319,0.577349,0.691794,-0.206854,0.691794,0,-1,0,0.577349,0.577349,0.577319,0.686117,0.241829,0.686087,0.686117,-0.241829,0.686117,0.577349,-0.577349,0.577349,0.686117,0.241829,0.686117,0.686087,-0.241829,0.686117,0.577349,-0.577319,0.577349],
    "name": "Cube.050Geometry.1",
    "metadata": {
        "normals": 10,
        "vertices": 32,
        "type": "Geometry",
        "faces": 8,
        "uvs": 1,
        "version": 3,
        "generator": "io_three"
    },
    "vertices": [2,2,2,2,-2.15,2,2,-1.85,1.85,2,-1.15,1.85,2,0.15,1.85,2,1.15,2,2,1,1.85,2,2,1.85,2,1.85,2,2,-0.85,2,2,-1,1.85,2,-0,1.85,2,-0.15,2,2,0.85,1.85,2,2,2,2,-2,2,2,2,2,2,-2.15,2,1.85,-1.15,2,1.85,0.85,2,1.85,2,2,2,1.85,2,2,1.15,2,1.85,1,2,1.85,0,2,2,-0.15,2,2,-0.85,2,1.85,-1,2,1.85,-1.85,2,1.85,0.150001,2,2,2,2,2,-2,2],
    "faces": [40,21,7,20,0,1,2,0,1,1,40,7,0,20,1,3,2,1,2,1,40,31,2,28,4,5,6,3,4,4,41,10,27,28,2,7,8,6,5,5,5,4,4,40,9,27,10,9,8,7,6,5,5,40,25,11,24,10,11,12,0,7,7,41,11,6,23,24,11,13,14,12,7,5,8,7,40,23,6,22,14,13,15,8,5,9],
    "uvs": [[0.460487,9.2e-05,0.420343,0.14991,0.310667,0.040235,0.310667,0.14991,0.232932,9.2e-05,0.310484,0.134416,0.155379,0.134416,0.310484,0.755909,0.15538,0.755909,0.232932,0.890233,0.077644,9.2e-05,0.155196,0.134416,9.2e-05,0.134416,0.155196,0.865584,9.2e-05,0.865584,0.077644,0.999909]]
}