{
    "normals": [0.400586,-0.823054,-0.402539,-0.115268,-0.985412,-0.125065,0.113132,-0.98587,0.123356,0.466201,-0.822108,-0.326762,0.314707,-0.895474,-0.314707,0.334452,-0.811365,-0.479324,0.317972,-0.893155,-0.317972,-0.392468,-0.919736,-0.004425,-0.004395,-0.92114,0.389141,0.37431,-0.927274,0,0,-0.923582,-0.383343,0,-1,0,-0.126988,-0.985565,0.111728,-0.126347,-0.985382,0.114017,-0.383343,-0.923582,0,-0.007477,-0.923734,0.382885,0.114658,-0.985595,-0.124149,-0.00174,-0.919034,-0.394116,0.387432,-0.921873,-0.001709,-0.478561,-0.811487,-0.335307,-0.115604,-0.70806,0.696585,-0.535478,-0.778436,0.327464,0.377239,-0.926023,-0.012085,-0.116581,-0.985412,-0.123783,0.114933,-0.985809,0.122227,0.483108,-0.802789,-0.349437,-0.313303,-0.896451,-0.313303,-0.146001,-0.989257,0,0,-0.999969,0,0.648366,-0.753868,-0.105991,-0.382885,-0.923734,-0.007477,0.114414,-0.701407,-0.703482,0.200659,-0.979644,0,0.132115,-0.977355,-0.165166,-0.636952,-0.763726,-0.104862,-0.384808,-0.92291,0.011689,-0.007294,-0.92703,0.374828,-0.331797,-0.815912,0.473434,-0.309702,-0.898587,0.31077,-0.109287,-0.987976,-0.109287,0.38316,0.893948,-0.232307,0.00174,0.919034,-0.394116,-0.37904,0.897366,-0.225837,0.126988,0.985565,0.111728,-0.114658,0.985595,-0.124149,0.116581,0.985412,-0.123783,-0.114933,0.985809,0.122227,0.374828,0.92703,-0.007294,-0.219581,0.899258,0.378277,-0.387432,0.921873,-0.001709,0.007477,0.923734,0.382885,0,1,0,-0.311991,0.897,-0.313089,0.392468,0.919736,-0.004425,0.228706,0.896146,0.38023,-0.37431,0.927274,0,-0.326579,0.815302,-0.478103,0.004395,0.92114,0.389141,0.007324,0.92703,0.374828,0,0.923582,-0.383343,0.381146,0.897153,0.223121,-0.053713,0.938627,-0.340678,-0.376171,0.899472,0.222297,-0.072237,0.996704,-0.036103,0.382885,0.923734,-0.007477,-0.068606,0.754173,-0.653066],
    "name": "Cube.040Geometry",
    "metadata": {
        "normals": 66,
        "vertices": 81,
        "type": "Geometry",
        "faces": 75,
        "uvs": 1,
        "version": 3,
        "generator": "io_three"
    },
    "vertices": [-1.99195,2,-2,-1.99195,2,-0.305064,-1.99195,2,-0.305063,-1.99195,2.15,-0.15259,-1.99195,2.15,0.155513,-1.99195,2,0.305066,-1.99195,2,0.305067,-1.99195,2,2,-0.297012,2,2,-0.297012,2,2,-0.297011,2,2,-0.1415,2.15,2,0.163566,2.15,2,0.313118,2,2,0.31312,2,2,2.00805,2,2,2.00805,2,-2,0.31312,2,-2,0.313118,2,-2,0.160644,2.15,-2,-0.1415,2.15,-2,-0.297011,2,-2,-0.297013,2,-2,-0.297013,2,-2,2.00805,2,0.305066,2.00805,2,0.305065,2.00805,2.15,0.155513,2.00805,2.15,-0.15259,2.00805,2,-0.305063,2.00805,2,-0.305064,-1.99195,-2.15,-2,-1.99195,-2.15,2,-1.99195,-2.15,1.84741,-1.99195,-2,1.69494,-1.99195,-2,-1.69493,-1.99195,-2,-1.69494,-1.99195,-2.15,-1.84449,2.00805,-2.15,-2,-1.84239,-2.15,-2,-1.68688,-2,-2,1.70299,-2,-2,1.85546,-2.15,-2,2.00805,-2.15,2,1.85546,-2.15,2,1.70299,-2,2,-1.68688,-2,2,-1.84239,-2.15,2,2.00805,-2.15,-1.84449,2.00805,-2,-1.69494,2.00805,-2,-1.69493,2.00805,-2,1.69494,2.00805,-2.15,1.84741,-1.84239,2.15,0.155513,-0.141501,2.15,1.84449,-1.68688,2,1e-06,-1.83644,2.15,-0.149552,0.008054,2,1.69494,0.163566,2.15,1.85045,-0.1415,2.15,-1.84449,0.008052,2,-1.69493,1.70299,2,1e-06,-1.99195,2,-0.305063,-0.297012,2,-2,0.157607,2.15,-1.84449,1.8585,2.15,0.155513,2.00805,2,0.305066,1.8585,2.15,-0.155511,0.313119,2,-2,0.008053,-2,0.305065,1.85254,-2.15,1.85045,0.157605,-2.15,0.155512,-0.141501,-2.15,0.155512,0.313117,-2,0,-1.84239,-2.15,1.84449,0.157606,-2.15,-0.155512,-0.14746,-2.15,-0.149553,-0.297013,-2,0,1.8585,-2.15,-1.84449,0.008052,-2,-0.305064,-1.8424,-2.15,-1.84449,-1.99195,-2,-1.69494],
    "faces": [41,9,52,53,10,0,1,2,3,0,1,2,3,40,52,6,5,1,5,6,1,4,5,40,9,8,6,0,4,5,0,6,4,40,52,9,6,1,0,5,1,0,4,41,52,54,56,53,1,7,8,2,1,7,8,2,40,10,53,11,3,2,9,3,2,9,40,4,52,5,10,1,6,10,1,5,40,6,8,7,5,4,11,4,6,11,40,54,52,55,7,1,12,7,1,12,41,11,53,57,12,9,2,13,14,9,2,13,14,41,3,55,52,4,15,12,1,10,15,12,1,10,41,55,58,59,54,12,16,17,7,12,16,17,7,41,56,54,59,60,8,7,17,18,8,7,17,18,40,53,56,57,2,8,13,2,8,13,40,12,57,13,14,13,19,14,13,19,41,2,61,55,3,20,21,12,15,20,21,12,15,41,61,62,58,55,21,22,16,12,21,22,16,12,40,63,59,58,23,17,16,23,17,16,41,56,60,64,57,8,18,24,13,8,18,16,13,41,59,63,66,60,17,23,25,18,17,23,24,18,40,13,65,14,19,26,27,19,25,26,40,57,64,65,13,24,26,13,16,25,40,13,57,65,19,13,26,19,13,25,40,1,61,2,28,21,20,27,21,20,40,61,23,62,21,30,22,21,11,22,40,1,0,23,28,29,30,27,28,11,40,61,1,23,21,28,30,21,27,11,41,20,58,62,21,31,16,22,32,9,16,22,29,41,19,63,58,20,33,23,16,31,30,23,16,9,40,60,66,64,18,25,24,18,24,16,41,25,65,64,26,34,26,24,35,31,25,16,10,41,14,65,24,15,27,26,36,37,26,25,32,28,40,22,62,23,38,22,30,33,22,11,40,21,62,22,32,22,38,29,22,33,41,18,67,63,19,39,40,23,33,34,35,23,30,41,26,64,66,27,35,24,25,41,10,16,24,36,40,63,28,66,23,43,25,23,37,24,40,67,29,28,40,42,43,35,38,37,40,63,67,28,23,40,43,23,35,37,40,24,65,25,36,26,34,32,25,31,40,17,67,18,44,40,39,39,35,34,40,27,66,28,41,25,43,36,24,37,41,29,67,17,16,42,40,44,45,38,35,39,11,40,44,68,45,46,47,48,40,41,42,41,69,70,68,44,49,50,47,46,43,44,41,40,41,68,71,73,45,47,51,52,48,41,45,46,42,40,43,69,44,53,49,46,47,43,40,41,50,72,70,69,54,55,50,49,48,49,44,43,40,71,68,70,51,47,50,45,41,44,41,51,69,43,42,56,49,53,57,50,43,47,51,40,50,69,51,54,49,56,48,43,50,40,49,72,50,58,55,54,52,49,48,40,72,74,70,55,59,50,49,46,44,41,71,70,74,75,51,50,59,60,45,44,46,43,41,71,76,33,73,51,61,62,52,45,53,54,46,40,45,73,46,48,52,63,42,46,55,40,48,72,49,64,55,58,56,49,52,40,77,74,72,65,59,55,45,46,49,40,48,77,72,64,65,55,56,45,49,40,76,71,75,61,51,60,53,45,43,40,74,78,75,59,66,60,46,57,43,41,46,73,32,31,63,52,67,68,55,46,58,51,40,47,77,48,69,65,64,59,45,56,41,77,40,78,74,65,70,66,59,45,60,57,46,41,75,79,80,76,60,71,72,61,43,44,61,53,41,78,39,79,75,66,73,71,60,57,62,44,43,41,33,76,80,34,62,61,72,74,54,53,61,63,40,32,73,33,67,52,62,58,46,54,41,77,47,37,41,65,69,75,76,45,59,51,64,40,40,77,41,70,65,76,60,45,64,41,35,80,79,36,77,72,71,78,65,61,44,59,40,39,78,40,73,66,70,62,57,60,40,38,79,39,79,71,73,55,44,62,40,34,80,35,74,72,77,63,61,65,41,36,79,38,30,78,71,79,80,59,44,55,51],
    "uvs": [[0.492344,0.576617,0.266394,0.962962,0.473294,0.537739,0.492344,0.576617,0.492344,0.576617,0.284714,1.00035,0.284714,1.00035,0.247344,0.924084,0.454973,0.500351,0.492344,0.537739,0.266394,1.00035,0.492344,1.00035,0.229024,0.961473,0.474024,0.461473,0.492344,0.461473,0.228651,1.00035,0.021394,0.537739,0.039714,0.500351,0.247344,0.076617,0.492344,0.424084,0.209974,1.00035,0.209973,1.00035,0.002344,0.576617,0.021394,0.462962,0.266394,0.037739,0.228294,0.037739,0.284714,0.000351,0.492344,0.424084,0.209973,1.00035,0.002344,1.00035,0.002344,0.576617,0.002344,0.537739,0.002344,0.576617,0.002344,0.462203,0.284714,0.000351,0.266394,0.000351,0.284714,0.000351,0.492344,0.000351,0.002344,0.576617,0.002344,0.424085,0.002344,0.424084,0.228651,0.000351,0.209973,0.000351,0.209974,0.000351,0.002344,0.424084,0.002344,0.000351,0.997656,0.076617,0.790027,0.50035,0.997656,0.924084,0.979336,0.039228,0.771706,0.462962,0.771706,0.537739,0.978606,0.962962,0.997656,0.038498,0.960286,0.000351,0.752656,0.424084,0.978964,0.000351,0.997656,0.000351,0.545027,0.000351,0.733606,0.462962,0.734336,0.539228,0.752656,0.576617,0.960286,1.00035,0.997656,0.962962,0.545027,0.000351,0.526706,0.037739,0.715286,0.500351,0.978964,1.00035,0.997656,1.00035,0.526706,0.000351,0.507656,0.076617,0.526706,0.962962,0.545027,1.00035,0.507656,0.924084,0.545027,1.00035,0.507656,0.000351,0.507656,0.038498,0.545027,1.00035,0.526706,1.00035,0.507656,0.962962,0.507656,1.00035]]
}