{
    "normals": [1,0,0,0.82046,0.524247,0.228004,0.881039,0.472976,0,0,1,0,0.80871,0.554704,-0.195502,0.875576,0.341563,-0.341563,0.971984,0.234993,0,0.80871,0.554704,0.195502,0.875576,0.341563,0.341563,0.80871,0.195502,0.554704,0.875576,-0.341563,0.341563,0.875576,-0.341563,-0.341563,0.850093,0.484848,-0.205512,0.901944,0,0.431806,0.80871,0.195502,-0.554704,0.850093,0.484848,0.205512,0.971984,-0.234993,0,0.80871,-0.554704,0.195502,0.80871,-0.554704,-0.195502,0.80871,-0.195502,0.554704,0.850093,-0.484848,-0.205512,0.850093,-0.484848,0.205512,0.923856,-0.382672,0,0.923856,0.382672,0,0.80871,-0.195502,-0.554704,0.901944,0,-0.431806,0.82046,0.524247,-0.228004,0,0.999969,0,0,-0.999969,0,0,-1,0,0.999969,0,0],
    "name": "Cube.041Geometry.1",
    "metadata": {
        "normals": 31,
        "vertices": 125,
        "type": "Geometry",
        "faces": 111,
        "uvs": 1,
        "version": 3,
        "generator": "io_three"
    },
    "vertices": [2,2,-2,2,2,-0.305063,2,2.15,-0.15259,2,2.15,0.155513,2,2,0.305067,2,2,2,2,-2.15,-2,2,-2.15,2,2,-2.15,1.84741,2,-2,1.69494,2,-2,-1.69493,2,-2,-1.69494,2,-2.15,-1.84449,2,-1.85,1.85,1.85,-2,1.85,1.85,-1.85,2,1.85,-1.15,2,1.85,-1,1.85,2,-1.15,1.85,1.85,-1,0.15,2,-1.15,0.15,1.85,-1.15,0,2,-1.85,0.15,1.85,-2,0.15,2,-1.85,-0.15,1.85,-2,-0.15,1.85,-1.85,0,1.85,-1,-0.15,2,-1.15,-0.150001,1.85,-1,-1.85,2,-1.15,-1.85,1.85,-1.15,-2,2,-1.85,-1.85,1.85,-2,-1.85,2,0.15,1.85,1.85,-0,1.85,1.85,0.15,2,1.85,1,1.85,2,0.85,1.85,1.85,1,0.15,2,0.85,0.15,1.85,0.85,-0,2,0.15,0.15,1.85,0,0.15,2,0.15,-0.15,1.85,-0,-0.15,1.85,0.15,0,1.85,1,-0.15,2,0.85,-0.150001,1.85,1,-1.85,2,0.85,-1.85,1.85,0.85,-2,2,0.15,-1.85,1.85,0,-1.85,2,1.15,0.85,1.85,1,0.85,1.85,1.15,1,1.85,2,0.85,2,1.85,0.849999,1.85,2,-0.85,2,1.85,-0.85,1.85,1.85,-1,2,1.15,-0.85,1.85,1,-0.85,2,1.15,-1.15,1.85,1,-1.15,1.85,1.15,-1,1.85,2,-1.15,2,1.85,-1.15,1.85,2,-2,2,1.85,-2,2,1.15,-2,1.85,1,-2,2,-0.85,0.85,1.85,-1,0.85,1.85,-0.85,1,1.85,-0,0.85,2,-0.15,0.849999,1.85,-0,-0.85,2,-0.15,-0.85,1.85,-0.15,-1,2,-0.85,-0.85,1.85,-1,-0.85,2,-0.85,-1.15,1.85,-1,-1.15,1.85,-0.85,-1,1.85,-0,-1.15,2,-0.15,-1.15,1.85,-0,-2,2,-0.15,-2,2,-0.85,-2,1.85,-1,-2,2,1.15,2,1.85,1,2,1.85,2,2,2,1.85,2,1.85,2,1.15,2,1.85,1.15,1.85,1.85,1,2,1.15,1.15,1.85,1,1.15,2,-0.85,2,1.85,-1,2,1.85,-0,2,2,-0.15,2,1.85,0,1.15,2,-0.15,1.15,1.85,-0.15,1,2,-0.85,1.15,1.85,-1,1.15,1.85,-1.85,-2,1.85,0.15,-2,1.85,0.85,2,2,-2,1.85,2,-2,0.15,2,-2,-0.15,2,-2,-1.85,2,2,0.85,2,2,-0.85,2,2,-1.15,2,2,-2,2,2,2,2,2,1.15,2,-2,-2,2,-2,2],
    "faces": [41,1,2,3,4,0,1,2,3,0,0,0,0,40,123,33,116,4,5,5,1,2,3,40,19,20,21,6,7,8,4,5,6,41,19,17,18,20,6,9,10,7,4,7,8,5,40,18,17,16,10,9,11,8,7,9,41,20,18,13,22,7,10,12,13,5,8,10,11,41,22,13,14,23,13,12,14,15,11,10,2,12,41,16,15,13,18,11,16,12,10,9,13,10,8,40,15,14,13,16,14,12,13,2,10,40,29,30,31,17,18,19,4,5,14,41,29,27,28,30,17,20,21,18,4,7,8,5,41,30,28,24,32,18,21,22,23,5,8,10,11,41,32,24,25,33,23,22,24,5,11,10,15,2,40,26,25,24,25,24,22,16,15,10,40,39,40,41,26,27,28,4,5,6,41,39,37,38,40,26,29,30,27,4,7,8,5,41,40,38,34,42,27,30,31,32,5,8,10,11,41,42,34,35,43,32,31,33,34,11,10,17,18,40,36,35,34,35,33,31,19,17,10,40,49,50,51,36,37,38,4,5,14,41,49,47,48,50,36,39,40,37,4,7,8,5,41,50,48,44,52,37,40,41,42,5,8,10,11,41,52,44,45,53,42,41,43,44,11,10,17,18,40,46,45,44,45,43,41,16,17,10,40,59,60,61,46,47,48,20,5,6,41,59,57,58,60,46,49,50,47,20,21,8,5,41,60,58,54,62,47,50,51,52,5,8,10,11,41,62,54,55,63,52,51,53,54,11,10,17,18,40,56,55,54,55,53,51,16,17,10,41,69,67,68,70,56,57,58,59,22,21,8,23,41,70,68,64,71,59,58,60,61,23,8,10,22,41,71,64,65,72,61,60,62,63,22,10,17,22,40,66,65,64,64,62,60,16,17,10,40,78,79,80,65,66,67,4,5,6,41,78,76,77,79,65,68,69,66,4,7,8,5,41,79,77,73,81,66,69,70,71,5,8,10,11,41,81,73,74,82,71,70,72,73,11,10,17,18,40,75,74,73,74,72,70,16,17,10,41,88,86,87,89,75,76,77,78,23,7,8,23,41,89,87,83,90,78,77,79,80,23,8,10,22,41,90,83,84,91,80,79,81,82,22,10,17,22,40,85,84,83,83,81,79,16,17,10,40,96,97,98,84,85,86,20,5,6,41,96,94,95,97,84,87,88,85,20,22,23,5,41,97,95,92,99,85,88,89,90,5,23,22,11,41,99,92,93,100,90,89,91,92,11,22,22,18,40,105,106,107,93,94,95,4,5,6,41,105,103,104,106,93,96,97,94,4,23,23,5,41,106,104,101,108,94,97,98,99,5,23,22,11,41,108,101,102,109,99,98,100,101,11,22,22,18,40,53,88,111,44,75,102,18,23,24,40,98,57,96,86,49,84,6,21,20,40,91,29,31,82,17,19,22,4,14,40,26,23,25,25,15,24,16,12,15,40,85,82,84,83,73,81,16,18,17,40,21,27,19,8,20,6,6,7,4,40,75,109,74,74,101,72,16,18,17,40,107,76,105,95,68,93,6,7,4,40,46,43,45,45,34,43,16,18,17,40,80,86,78,67,76,65,6,7,4,40,87,86,80,77,76,67,8,7,6,40,111,52,53,102,42,44,24,11,18,40,48,47,41,40,39,28,8,7,6,40,68,67,61,58,57,48,8,21,6,40,66,62,63,64,52,54,16,11,18,40,75,108,109,74,99,101,16,11,18,40,58,57,98,50,49,86,8,21,6,41,79,81,85,80,66,71,83,67,5,11,16,6,40,56,99,100,55,90,92,16,11,18,41,80,85,83,87,67,83,79,77,6,16,10,8,41,107,75,73,77,95,74,70,69,6,16,10,8,41,98,56,54,58,86,55,51,50,6,16,10,8,41,41,46,44,48,28,45,41,40,6,16,10,8,40,85,81,82,83,71,73,16,11,18,40,77,76,107,69,68,95,8,7,6,41,60,62,66,61,47,52,64,48,5,11,16,6,41,61,66,64,68,48,64,60,58,6,16,10,8,41,50,52,111,51,37,42,102,38,5,11,24,14,41,106,108,75,107,94,99,74,95,5,11,16,6,41,97,99,56,98,85,90,55,86,5,11,16,6,41,112,36,34,38,103,35,31,30,9,19,10,8,40,46,42,43,45,32,34,16,11,18,40,26,22,23,25,13,15,16,11,12,40,41,47,39,28,39,26,6,7,4,40,56,100,55,55,92,53,16,18,17,40,72,49,51,63,36,38,22,4,14,41,40,42,46,41,27,32,45,28,5,11,16,6,40,36,103,35,35,96,33,19,23,17,40,110,32,33,104,23,5,25,11,2,41,30,32,110,31,18,23,104,19,5,11,25,14,40,93,112,37,91,103,29,22,9,7,40,61,67,59,48,57,46,6,21,20,40,28,27,21,21,20,8,8,7,6,40,17,102,16,9,100,11,7,22,9,40,66,63,65,64,54,62,16,18,17,40,124,113,14,105,14,14,26,27,2,40,38,37,112,30,29,103,8,7,9,41,20,22,26,21,7,13,25,8,5,11,16,6,41,21,26,24,28,8,25,22,21,6,16,10,8,41,25,23,114,115,24,15,15,24,15,12,27,27,40,110,33,123,104,5,4,25,2,1,41,33,25,115,116,5,24,24,5,2,15,27,3,41,23,14,113,114,15,14,14,15,12,2,27,27,41,96,57,117,122,84,49,49,84,20,21,28,29,41,59,67,119,118,46,57,57,46,20,21,28,28,41,94,96,122,121,87,84,84,87,22,20,29,29,41,67,69,120,119,57,56,56,57,21,22,29,28,41,57,59,118,117,49,46,46,49,21,20,28,28,41,9,124,7,8,106,105,107,108,0,26,0,0,41,12,6,123,11,109,110,4,111,0,30,1,0,40,14,15,124,14,16,105,2,13,26],
    "uvs": [[0.576266,0.965117,0.538148,1,0.461122,1,0.423733,0.965116,1,0.034884,0.9625,0.034884,0.4625,0.267442,0.4625,0.232558,0.5,0.232558,0.0375,0.267442,0.0375,0.232558,0,0.232558,0.0375,0.069767,0.4625,0.069767,0.0375,0.034884,0.4625,0.034884,0,0.069767,0.9625,0.267442,0.9625,0.232558,1,0.232558,0.5375,0.267442,0.5375,0.232558,0.5375,0.069767,0.9625,0.069767,0.5375,0.034884,0.5,0.069767,0.4625,0.732557,0.4625,0.697674,0.5,0.697674,0.0375,0.732557,0.0375,0.697674,0.0375,0.534883,0.4625,0.534883,0.0375,0.5,0.4625,0.5,0,0.534883,0.9625,0.732557,0.9625,0.697674,1,0.697674,0.5375,0.732557,0.5375,0.697674,0.5375,0.534883,0.9625,0.534883,0.5375,0.5,0.9625,0.5,0.5,0.534883,0.7125,0.965115,0.7125,0.930232,0.75,0.930232,0.2875,0.965115,0.2875,0.930232,0.2875,0.767441,0.7125,0.767441,0.2875,0.732557,0.7125,0.732558,0.25,0.767441,1,0.965115,0.7875,0.965115,0.7875,0.930232,1,0.930232,0.7875,0.767441,1,0.767441,0.7875,0.732557,1,0.732558,0.75,0.767441,0.7125,0.5,0.7125,0.465116,0.75,0.465116,0.2875,0.5,0.2875,0.465116,0.2875,0.302325,0.7125,0.302325,0.2875,0.267442,0.7125,0.267442,0.25,0.302325,1,0.5,0.7875,0.5,0.7875,0.465116,1,0.465116,0.7875,0.302325,1,0.302325,0.7875,0.267442,1,0.267442,0.75,0.302325,0.2125,0.965115,0.2125,0.930232,0.25,0.930232,0,0.965115,0,0.930232,0,0.767441,0.2125,0.767441,0,0.732557,0.2125,0.732558,0.2125,0.5,0.2125,0.465116,0.25,0.465116,0,0.5,0,0.465116,0,0.302325,0.2125,0.302325,0,0.267442,0.2125,0.267442,1,0.534883,0,0.697674,1,0.069768,0,0.034884,0.076266,0.034884,0,0,0.038148,0,0.961122,0,1,0,0.923734,0.034883]]
}